{"cameraMode":{"drawMode":0,"name":"Shaded","section":"Shading Mode"},"sceneLighting":true,"audioPlay":false,"sceneViewState":{"showFog":true,"showMaterialUpdate":false,"showSkybox":true,"showFlares":true,"showImageEffects":true,"showParticleSystems":true,"showVisualEffectGraphs":true,"m_FxEnabled":true},"in2DMode":false,"pivot":{"x":0.10919621586799622,"y":0.8457120060920715,"z":4.305613040924072},"rotation":{"x":-0.16033756732940675,"y":0.18012405931949616,"z":-0.029772667214274408,"w":-0.9700345993041992},"size":2.014007806777954,"orthographic":false}