{"cameraMode":{"drawMode":0,"name":"Shaded","section":"Shading Mode"},"sceneLighting":false,"audioPlay":false,"sceneViewState":{"showFog":true,"showMaterialUpdate":false,"showSkybox":false,"showFlares":true,"showImageEffects":true,"showParticleSystems":true,"showVisualEffectGraphs":true,"m_FxEnabled":true},"in2DMode":false,"pivot":{"x":1136.9161376953125,"y":507.055419921875,"z":21.474029541015626},"rotation":{"x":-0.16033756732940675,"y":0.18012405931949616,"z":-0.029772667214274408,"w":-0.9700345993041992},"size":120.86822509765625,"orthographic":false}